CardNumber,Address,CVV2,Password2,PhoneNumber,Username
58598311,zanjan,4378,1290884,09923712494,a1
45t,32,23,23,sfsdfs,a1,
12312,r2r2,12312,12312,123,a1,
123,123,123,123,12,a1,
123,123,123,123,12,a1,
23,a,s,f23,13,a1,
23,a,s,f23,13,a1,
asd,sda,12,32,asd,a1,
23,s,qw,qw,q,a1,
23,s,qw,qw,q,a1,
e,q,q,de,q,a1,
e,q,q,de,q,a1,
234,erterte,453,45345,qweqwe,a1,
12,12,12,12,12,12,
12,21,12,12,21,a1,
''''',weqfssd,12,qwe,asaa1,q1,
as,23,ds,zx,qwe,432,
as,23,ds,zx,qwe,432,
as,23,ds,zx,qwe,a1,
as,23,ds,zx,qwe,a1,
32900--12319231,tehran,4231,6345345,09923715245,a1,
1212,dfsddd,5445,78,42323342,a1,
12345,zanjan,123,123341,123456,a1,
